Name,Studio,Genre,Score,Ranked,Popularity,Members
Kaguya-sama wa Kokurasetai: Ultra Romantic,A-1 Pictures,Comedy,9.14,1,587851,301
Fullmetal Alchemist: Brotherhood,Bones,Action,9.13,2,2928714,3
Gintama°,Bandai Namco Pictures,Action,9.08,3,544152,338
Steins;Gate,White Fox,Drama,9.08,4,2266720,13
Shingeki no Kyojin Season 3 Part 2,Wit Studio,Action,9.07,5,1878186,28
Gintama',Sunrise,Action,9.05,6,479491,381
Hunter x Hunter (2011),Madhouse,Action,9.05,7,2415228,10
Gintama': Enchousen,Sunrise,Action,9.04,8,285564,698
Gintama: The Final,Bandai Namco Pictures,Action,9.04,9,107114,1684
Fruits Basket: The Final,TMS Entertainment,Drama,9.03,10,360594,523
Ginga Eiyuu Densetsu,Kitty Film Mitaka Studio,Drama,9.03,11,283202,704
Gintama.,Bandai Namco Pictures,Action,8.99,12,272258,736
3-gatsu no Lion 2nd Season,Shaft,Drama,8.95,13,356213,531
Gintama,Sunrise,Action,8.95,14,953661,131
Koe no Katachi,Kyoto Animation,Drama,8.95,15,1998389,18
Clannad: After Story,Kyoto Animation,Drama,8.94,16,1089307,106
Violet Evergarden Movie,Kyoto Animation,Drama,8.94,17,454312,405
Gintama Movie 2: Kanketsu-hen - Yorozuya yo Eien Nare,Sunrise,Action,8.93,18,212633,941
Code Geass: Hangyaku no Lelouch R2,Sunrise,Action,8.91,19,1586126,47
Owarimonogatari 2nd Season,Shaft,Comedy,8.9,20,352896,538
Gintama.: Shirogane no Tamashii-hen - Kouhan-sen,Bandai Namco Pictures,Action,8.88,21,166828,1193
Kimetsu no Yaiba: Yuukaku-hen,ufotable,Action,8.86,22,933077,139
Kimi no Na wa.,CoMix Wave Films,Drama,8.86,23,2389118,11
Monster,Madhouse,Drama,8.84,24,871545,153
Shingeki no Kyojin: The Final Season,MAPPA,Action,8.83,25,1626008,44
Spy x Family,Wit Studio,Action,8.83,26,911493,145
Shingeki no Kyojin: The Final Season Part 2,MAPPA,Action,8.82,27,901520,147
Kingdom 3rd Season,Pierrot,Action,8.82,28,72871,2166
Gintama.: Shirogane no Tamashii-hen,Bandai Namco Pictures,Action,8.81,29,180647,1093
Mob Psycho 100 II,Bones,Action,8.81,30,1258981,83
Kingdom 4th Season,Pierrot,Action,8.8,31,32089,3405
Kizumonogatari III: Reiketsu-hen,Shaft,Action,8.8,32,408326,460
Haikyuu!!: Karasuno Koukou vs. Shiratorizawa Gakuen Koukou,Production I.G,Sports,8.79,33,1050525,112
Shiguang Dailiren,Studio LAN,Drama,8.79,34,221175,905
Sen to Chihiro no Kamikakushi,Studio Ghibli,Adventure,8.78,35,1631116,43
Monogatari Series: Second Season,Shaft,Comedy,8.77,36,615672,276
Made in Abyss: Retsujitsu no Ougonkyou,Kinema Citrus,Adventure,8.77,37,212209,944
Cowboy Bebop,Sunrise,Action,8.76,38,1636250,42
Hajime no Ippo,Madhouse,Sports,8.75,39,488661,374
Shouwa Genroku Rakugo Shinjuu: Sukeroku Futatabi-hen,Studio Deen,Drama,8.75,40,171066,1158
Mushishi Zoku Shou 2nd Season,Artland,Adventure,8.74,41,239092,832
Mushoku Tensei: Isekai Ittara Honki Dasu Part 2,Studio Bind,Drama,8.73,42,618645,275
Odd Taxi,OLM,Mystery,8.73,43,320652,608
Vinland Saga,Wit Studio,Action,8.73,44,1127429,99
Rurouni Kenshin: Meiji Kenkaku Romantan - Tsuioku-hen,Studio Deen,Action,8.71,45,258870,776
86 Part 2,A-1 Pictures,Action,8.71,46,325654,595
Ashita no Joe 2,Tokyo Movie Shinsha,Action,8.71,47,42540,2937
Fate/stay night Movie: Heaven's Feel - III. Spring Song,ufotable,Action,8.71,48,281148,709
Code Geass: Hangyaku no Lelouch,Sunrise,Action,8.7,49,2011653,17
Mushishi Zoku Shou,Artland,Adventure,8.7,50,272170,737
Great Teacher Onizuka,Pierrot,Comedy,8.69,51,733609,215
Jujutsu Kaisen (TV),MAPPA,Action,8.68,52,1917156,26
Mo Dao Zu Shi: Wanjie Pian,B.CMAY PICTURES,Action,8.68,53,58620,2471
Mononoke Hime,Studio Ghibli,Action,8.68,54,1108543,103
Mushishi,Artland,Adventure,8.67,55,747039,203
Violet Evergarden,Kyoto Animation,Drama,8.67,56,1529428,51
Made in Abyss,Kinema Citrus,Adventure,8.67,57,1157836,93
Hajime no Ippo: New Challenger,Madhouse,Sports,8.66,58,245450,809
Howl no Ugoku Shiro,Studio Ghibli,Adventure,8.66,59,1144997,94
Kimetsu no Yaiba Movie: Mugen Ressha-hen,ufotable,Action,8.66,60,1183704,90
Made in Abyss Movie 3: Fukaki Tamashii no Reimei,Kinema Citrus,Adventure,8.66,61,343088,559
Shigatsu wa Kimi no Uso,A-1 Pictures,Drama,8.66,62,1960000,21
Natsume Yuujinchou Shi,Brain's Base,Drama,8.65,63,224522,894
One Piece,Toei Animation,Action,8.65,64,1918933,25
Kaguya-sama wa Kokurasetai? Tensai-tachi no Renai Zunousen,A-1 Pictures,Comedy,8.65,65,1111856,101
Evangelion: 3.0+1.0 Thrice Upon a Time,Khara,Action,8.64,66,299885,657
Haikyuu!! Second Season,Production I.G,Sports,8.64,67,1256801,84
Natsume Yuujinchou Roku,Shuka,Drama,8.63,68,166142,1199
Tengen Toppa Gurren Lagann,Gainax,Action,8.63,69,1460605,60
Ping Pong the Animation,Tatsunoko Production,Drama,8.62,70,346600,552
Seishun Buta Yarou wa Yumemiru Shoujo no Yume wo Minai,CloverWorks,Drama,8.62,71,596032,295
Shingeki no Kyojin Season 3,Wit Studio,Action,8.62,72,1996942,19
Suzumiya Haruhi no Shoushitsu,Kyoto Animation,Mystery,8.62,73,564276,321
Death Note,Madhouse,Supernatural,8.62,74,3451397,2
Ousama Ranking,Wit Studio,Adventure,8.61,75,438270,425
Mushishi Zoku Shou: Suzu no Shizuku,Artland,Adventure,8.6,76,116039,1574
Ookami Kodomo no Ame to Yuki,Studio Chizu,Fantasy,8.59,77,742175,206
Hajime no Ippo: Rising,Madhouse,Sports,8.59,78,218591,912
Kizumonogatari II: Nekketsu-hen,Shaft,Action,8.59,79,397219,471
JoJo no Kimyou na Bouken Part 5: Ougon no Kaze,David Production,Action,8.58,80,856164,157
Natsume Yuujinchou Go,Shuka,Drama,8.58,81,165394,1204
Natsume Yuujinchou San,Brain's Base,Drama,8.58,82,231553,862
Shouwa Genroku Rakugo Shinjuu,Studio Deen,Drama,8.58,83,267563,752
Tengen Toppa Gurren Lagann Movie 2: Lagann-hen,Gainax,Action,8.57,84,196041,1014
Yojouhan Shinwa Taikei,Madhouse,Comedy,8.57,85,396463,473
Kimi no Suizou wo Tabetai,Studio VOLN,Drama,8.57,86,785403,182
Fate/Zero 2nd Season,ufotable,Action,8.56,87,1013847,120
Fruits Basket 2nd Season,TMS Entertainment,Drama,8.56,88,410467,457
Shoujo☆Kageki Revue Starlight Movie,Kinema Citrus,Music,8.56,89,11014,5417
Mushishi: Hihamukage,Artland,Adventure,8.55,90,125923,1474
Neon Genesis Evangelion: The End of Evangelion,Gainax,Avant Garde,8.55,91,801442,174
Zoku Natsume Yuujinchou,Brain's Base,Drama,8.55,92,228491,871
Fruits Basket: Prelude,TMS Entertainment,Drama,8.55,93,62835,2367
Bakuman. 3rd Season,J.C.Staff,Comedy,8.54,94,308277,631
Haikyuu!! To the Top Part 2,Production I.G,Sports,8.54,95,667798,243
Kara no Kyoukai Movie 5: Mujun Rasen,ufotable,Action,8.54,96,220567,906
Kenpuu Denki Berserk,OLM,Action,8.54,97,547649,336
Kimetsu no Yaiba,ufotable,Action,8.54,98,2487554,9
Slam Dunk,Toei Animation,Sports,8.54,99,259039,775
Sora yori mo Tooi Basho,Madhouse,Adventure,8.54,100,443988,419
Yakusoku no Neverland,CloverWorks,Mystery,8.54,101,1713449,39
Perfect Blue,Madhouse,Avant Garde,8.53,102,577196,311
Shingeki no Kyojin,Wit Studio,Action,8.53,103,3469223,1
Yuru Camp△ Season 2,C-Station,Slice of Life,8.53,104,183430,1077
Gintama.: Porori-hen,Bandai Namco Pictures,Action,8.53,105,175963,1113
Fate/stay night Movie: Heaven's Feel - II. Lost Butterfly,ufotable,Action,8.52,106,328458,593
Gintama Movie 1: Shinyaku Benizakura-hen,Sunrise,Action,8.52,107,147293,1320
Jujutsu Kaisen 0 Movie,MAPPA,Action,8.52,108,437528,429
Koukaku Kidoutai: Stand Alone Complex 2nd GIG,Production I.G,Action,8.52,109,212219,943
Nana,Madhouse,Drama,8.52,110,558072,328
Steins;Gate 0,White Fox,Drama,8.52,111,770192,190
One Punch Man,Madhouse,Action,8.51,112,2833391,4
Uchuu Kyoudai,A-1 Pictures,Comedy,8.51,113,177103,1110
Samurai Champloo,Manglobe,Action,8.5,114,1112947,100
Shingeki no Kyojin Season 2,Wit Studio,Action,8.5,115,2352482,12
Ansatsu Kyoushitsu 2nd Season,Lerche,Action,8.5,116,1251948,85
Aria the Origination,Hal Film Maker,Fantasy,8.5,117,116453,1568
Banana Fish,MAPPA,Action,8.5,118,726163,218
Hotaru no Haka,Studio Ghibli,Drama,8.5,119,584920,304
JoJo no Kimyou na Bouken Part 4: Diamond wa Kudakenai,David Production,Action,8.5,120,951188,132
Karakai Jouzu no Takagi-san 3,Shin-Ei Animation,Comedy,8.49,121,138694,1376
Rainbow: Nisha Rokubou no Shichinin,Madhouse,Drama,8.49,122,361642,522
Tian Guan Ci Fu Special,Haoliners Animation League,Drama,8.49,123,31878,3418
Mob Psycho 100,Bones,Action,8.48,124,1756967,35
Re:Zero kara Hajimeru Isekai Seikatsu 2nd Season Part 2,White Fox,Drama,8.48,125,716447,225
Chihayafuru 3,Madhouse,Drama,8.48,126,121206,1515
Gintama: The Semi-Final,Bandai Namco Pictures,Action,8.47,127,57692,2492
Kono Subarashii Sekai ni Shukufuku wo! Movie: Kurenai Densetsu,J.C.Staff,Adventure,8.47,128,650432,253
Mo Dao Zu Shi,B.CMAY PICTURES,Action,8.47,129,195861,1015
Mahou Shoujo Madoka★Magica Movie 3: Hangyaku no Monogatari,Shaft,Drama,8.46,130,341460,562
Nichijou,Kyoto Animation,Comedy,8.46,131,796194,175
Owarimonogatari,Shaft,Comedy,8.46,132,438247,424
Steins;Gate Movie: Fuka Ryouiki no Déjà vu,White Fox,Drama,8.46,133,539920,340
Zoku Owarimonogatari,Shaft,Comedy,8.46,134,199911,997
Mo Dao Zu Shi: Xian Yun Pian,B.CMAY PICTURES,Action,8.45,135,86528,1956
Saenai Heroine no Sodatekata Fine,CloverWorks,Comedy,8.45,136,153702,1275
Wu Liuqi Zhi Xuanwu Guo Pian,add some,Action,8.45,137,38450,3108
Yuu☆Yuu☆Hakusho,Pierrot,Action,8.45,138,605730,282
Golden Kamuy 3rd Season,Geno Studio,Action,8.45,139,129417,1443
Haikyuu!!,Production I.G,Sports,8.45,140,1720010,38
Josee to Tora to Sakana-tachi,Bones,Drama,8.45,141,307506,633
JoJo no Kimyou na Bouken Part 3: Stardust Crusaders 2nd Season,David Production,Action,8.44,142,948074,133
Mushishi Zoku Shou: Odoro no Michi,Artland,Adventure,8.44,143,91459,1878
Saiki Kusuo no Ψ-nan 2,J.C.Staff,Comedy,8.44,144,548544,334
Vivy: Fluorite Eye's Song,Wit Studio,Action,8.44,145,431978,431
Mononoke,Toei Animation,Fantasy,8.43,146,281801,707
Saiki Kusuo no Ψ-nan,J.C.Staff,Comedy,8.43,147,935403,137
Dr. Stone: Ryuusui,TMS Entertainment,Adventure,8.43,148,107173,1681
Gintama: Yorinuki Gintama-san on Theater 2D,Sunrise,Action,8.43,149,39802,3043
Grand Blue,Zero-G,Comedy,8.43,150,652447,252
Kono Oto Tomare! Part 2,Platinum Vision,Drama,8.43,151,141411,1355
Koukaku Kidoutai: Stand Alone Complex,Production I.G,Action,8.43,152,368269,509
Summertime Render,OLM,Mystery,8.42,153,228626,870
Major S5,SynergySP,Comedy,8.41,154,65978,2299
Natsume Yuujinchou Movie: Utsusemi ni Musubu,Shuka,Drama,8.41,155,61371,2401
Sayonara no Asa ni Yakusoku no Hana wo Kazarou,P.A. Works,Drama,8.41,156,363976,517
Shingeki no Kyojin: Kuinaki Sentaku,Wit Studio,Action,8.41,157,453052,408
Violet Evergarden Gaiden: Eien to Jidou Shuki Ningyou,Kyoto Animation,Drama,8.41,158,342849,560
Yoru ni Kakeru,add some,Music,8.41,159,13976,4924
Kaguya-sama wa Kokurasetai: Tensai-tachi no Renai Zunousen,A-1 Pictures,Comedy,8.41,160,1458098,61
Kara no Kyoukai Movie 7: Satsujin Kousatsu (Go),ufotable,Action,8.41,161,191986,1032
Cross Game,SynergySP,Drama,8.4,162,115564,1578
Gintama°: Aizome Kaori-hen,Bandai Namco Pictures,Comedy,8.4,163,75899,2100
Houseki no Kuni (TV),Orange,Action,8.4,164,396556,472
Hunter x Hunter,Nippon Animation,Action,8.4,165,527575,346
Kaze ga Tsuyoku Fuiteiru,Production I.G,Drama,8.4,166,264700,757
Natsume Yuujinchou Roku Specials,Shuka,Drama,8.4,167,40851,3008
Non Non Biyori Nonstop,SILVER LINK.,Slice of Life,8.4,168,104207,1726
Tensei shitara Slime Datta Ken 2nd Season,8bit,Action,8.4,169,752249,199
Tian Guan Ci Fu,Haoliners Animation League,Action,8.39,170,98362,1786
3-gatsu no Lion,Shaft,Drama,8.39,171,612108,279
Barakamon,Kinema Citrus,Slice of Life,8.39,172,603670,284
Chihayafuru 2,Madhouse,Drama,8.39,173,215916,924
Kimetsu no Yaiba: Mugen Ressha-hen,ufotable,Action,8.39,174,455936,401
Baccano!,Brain's Base,Action,8.38,175,836713,165
Cowboy Bebop: Tengoku no Tobira,Bones,Action,8.38,176,337440,568
Fumetsu no Anata e,Brain's Base,Adventure,8.38,177,694715,231
Kamisama Hajimemashita: Kako-hen,TMS Entertainment,Comedy,8.38,178,147546,1317
Kizumonogatari I: Tekketsu-hen,Shaft,Vampire,8.38,179,474642,387
Usagi Drop,Production I.G,Slice of Life,8.38,180,457148,399
Yahari Ore no Seishun Love Comedy wa Machigatteiru. Kan,feel.,Comedy,8.38,181,614315,277
Mahou Shoujo Madoka★Magica Movie 2: Eien no Monogatari,Shaft,Drama,8.37,182,186753,1053
Mushoku Tensei: Isekai Ittara Honki Dasu,Studio Bind,Drama,8.37,183,967479,125
Re:Zero kara Hajimeru Isekai Seikatsu 2nd Season,White Fox,Drama,8.37,184,947023,135
Mahou Shoujo Madoka★Magica,Shaft,Drama,8.36,185,1164143,91
Bakuman. 2nd Season,J.C.Staff,Comedy,8.36,186,330245,585
Haikyuu!! To the Top,Production I.G,Sports,8.36,187,786837,181
Hellsing Ultimate,Madhouse,Action,8.36,188,828306,168
Kaze no Tani no Nausicaä,Topcraft,Adventure,8.36,189,333038,576
Kobayashi-san Chi no Maid Dragon S,Kyoto Animation,Fantasy,8.36,190,455493,403
Made in Abyss Movie 2: Hourou Suru Tasogare,Kinema Citrus,Adventure,8.36,191,99503,1779
Gintama: Shiroyasha Koutan,Sunrise,Action,8.35,192,63744,2349
Given,Lerche,Boys Love,8.35,193,476784,384
JoJo no Kimyou na Bouken Part 6: Stone Ocean,David Production,Action,8.35,194,350627,544
K-On! Movie,Kyoto Animation,Comedy,8.35,195,297296,663
Kingdom 2nd Season,Pierrot,Action,8.35,196,105275,1705
Kiseijuu: Sei no Kakuritsu,Madhouse,Action,8.35,197,1652773,41
Psycho-Pass,Production I.G,Action,8.35,198,1477807,56
Major S6,SynergySP,Comedy,8.34,199,58205,2481
Natsume Yuujinchou: Itsuka Yuki no Hi ni,Brain's Base,Drama,8.34,200,73533,2146
Neon Genesis Evangelion,Gainax,Action,8.34,201,1575477,48
One Outs,Madhouse,Sports,8.34,202,216365,921
Sono Bisque Doll wa Koi wo Suru,CloverWorks,Romance,8.34,203,717963,224
Uchuu Senkan Yamato 2199,Xebec,Action,8.34,204,105821,1695
Bakemonogatari,Shaft,Mystery,8.34,205,1288878,80
Gotcha!,Bones,Fantasy,8.34,206,25539,3816
Holo no Graffiti,Hololive Production,Comedy,8.34,207,46407,2785
Ano Hi Mita Hana no Namae wo Bokutachi wa Mada Shiranai.,A-1 Pictures,Drama,8.33,208,1473781,58
Doupo Cangqiong: San Nian Zhi Yue,Motion Magic,Action,8.33,209,3741,8293
Katanagatari,White Fox,Action,8.33,210,520657,352
Kemono no Souja Erin,Production I.G,Drama,8.33,211,79435,2052
Mobile Suit Gundam: The Origin,Sunrise,Action,8.33,212,63840,2343
Natsume Yuujinchou Go Specials,Shuka,Drama,8.33,213,40409,3026
Ookami to Koushinryou II,Brain's Base,Adventure,8.33,214,453580,406
Romeo no Aoi Sora,Nippon Animation,Adventure,8.33,215,44833,2837
Versailles no Bara,Tokyo Movie Shinsha,Drama,8.33,216,85146,1975
Natsume Yuujinchou,Brain's Base,Drama,8.32,217,487011,375
NHK ni Youkoso!,Gonzo,Comedy,8.32,218,657486,245
Overlord IV,Madhouse,Action,8.32,219,264483,758
Sakamichi no Apollon,Tezuka Productions,Drama,8.32,220,348428,548
Tensei shitara Slime Datta Ken 2nd Season Part 2,8bit,Action,8.32,221,560014,325
"Violet Evergarden: Kitto ""Ai"" wo Shiru Hi ga Kuru no Darou",Kyoto Animation,Drama,8.32,222,280092,714
Boku dake ga Inai Machi,A-1 Pictures,Mystery,8.32,223,1850071,31
Evangelion: 2.0 You Can (Not) Advance,Khara,Action,8.32,224,475675,386
Fate/stay night: Unlimited Blade Works 2nd Season,ufotable,Action,8.32,225,773006,187
Kawaki wo Ameku,add some,Music,8.32,226,25281,3836
Kotarou wa Hitorigurashi,LIDENFILMS,Comedy,8.32,227,85345,1970
Hunter x Hunter: Original Video Animation,Nippon Animation,Action,8.31,228,116879,1562
Initial D First Stage,Gallop,Action,8.31,229,313987,619
Kuroko no Basket 3rd Season,Production I.G,Sports,8.31,230,674841,238
Major: World Series,SynergySP,Comedy,8.31,231,34032,3322
Shelter (Music),A-1 Pictures,Sci-Fi,8.31,232,308416,630
Tenki no Ko,CoMix Wave Films,Drama,8.31,233,816737,171
World Trigger 3rd Season,Toei Animation,Action,8.31,234,84213,1991
Rurouni Kenshin: Meiji Kenkaku Romantan,Gallop,Action,8.3,235,453458,407
Shinsekai yori,A-1 Pictures,Drama,8.3,236,721474,221
Shirobako,P.A. Works,Comedy,8.3,237,411798,453
Steins;Gate: Oukoubakko no Poriomania,White Fox,Comedy,8.3,238,403006,465
Detective Conan Movie 06: The Phantom of Baker Street,TMS Entertainment,Adventure,8.3,239,70314,2212
Diamond no Ace: Second Season,Production I.G,Sports,8.3,240,123950,1488
Doukyuusei (Movie),A-1 Pictures,Boys Love,8.3,241,233487,854
Hibike! Euphonium 2,Kyoto Animation,Drama,8.3,242,203965,979
Hotarubi no Mori e,Brain's Base,Drama,8.3,243,740137,209
Ashita no Joe,Mushi Production,Action,8.29,244,77339,2086
Beck,Madhouse,Comedy,8.29,245,307059,635
Dr. Stone,TMS Entertainment,Adventure,8.29,246,1466228,59
Fate/Zero,ufotable,Action,8.29,247,1366707,70
Gintama: Shinyaku Benizakura-hen,Sunrise,Action,8.29,248,39253,3067
Kino no Tabi: The Beautiful World,A.C.G.T.,Action,8.29,249,277578,721
Tsubasa: Tokyo Revelations,Production I.G,Action,8.29,250,90060,1896
Nodame Cantabile,J.C.Staff,Comedy,8.28,251,294772,672
Paripi Koumei,P.A. Works,Adult Cast,8.28,252,185455,1062
Redline,Madhouse,Action,8.28,253,331002,580
Stranger: Mukou Hadan,Bones,Action,8.28,254,305861,642
Tokyo Godfathers,Madhouse,Comedy,8.28,255,253956,790
Gin no Saji 2nd Season,A-1 Pictures,Comedy,8.28,256,135751,1399
Gyakkyou Burai Kaiji: Ultimate Survivor,Madhouse,Suspense,8.28,257,316483,613
Kono Subarashii Sekai ni Shukufuku wo! 2,Studio Deen,Adventure,8.28,258,1329839,75
Koukaku Kidoutai,Production I.G,Action,8.28,259,561106,323
Bakemono no Ko,Studio Chizu,Adventure,8.27,260,382546,494
Hajime no Ippo: Champion Road,Madhouse,Sports,8.27,261,117340,1556
Planetes,Sunrise,Drama,8.27,262,228104,875
Sasaki to Miyano,Studio Deen,Boys Love,8.27,263,127960,1452
Seishun Buta Yarou wa Bunny Girl Senpai no Yume wo Minai,CloverWorks,Comedy,8.27,264,1486367,54
Tenkuu no Shiro Laputa,Studio Ghibli,Adventure,8.27,265,426134,436
Yuru Camp△,C-Station,Slice of Life,8.27,266,421835,439
Non Non Biyori Movie: Vacation,SILVER LINK.,Slice of Life,8.26,267,67985,2265
Space☆Dandy 2nd Season,Bones,Comedy,8.26,268,152863,1279
Tonari no Totoro,Studio Ghibli,Adventure,8.26,269,935246,138
Diamond no Ace: Act II,Madhouse,Sports,8.26,270,76789,2091
Ginga Eiyuu Densetsu: Die Neue These - Gekitotsu,Production I.G,Drama,8.26,271,13787,4949
Great Pretender,Wit Studio,Action,8.26,272,544951,337
Hunter x Hunter: Greed Island Final,Nippon Animation,Action,8.26,273,131921,1428
Initial D Final Stage,SynergySP,Racing,8.26,274,117859,1548
86,A-1 Pictures,Action,8.25,275,550690,331
Gyakkyou Burai Kaiji: Hakairoku-hen,Madhouse,Suspense,8.25,276,174185,1132
Kuroshitsuji Movie: Book of the Atlantic,A-1 Pictures,Action,8.25,277,172845,1144
Re:Zero kara Hajimeru Isekai Seikatsu,White Fox,Drama,8.25,278,1946772,23
Sennen Joyuu,Madhouse,Action,8.25,279,158778,1239
Steins;Gate: Kyoukaimenjou no Missing Link - Divide By Zero,White Fox,Sci-Fi,8.25,280,230332,864
Wu Liuqi Zhi Zui Qiang Fa Xing Shi,add some,Action,8.25,281,51218,2652
Major S3,Studio Hibari,Drama,8.24,282,64391,2334
Naruto: Shippuuden,Pierrot,Action,8.24,283,2148575,16
Nodame Cantabile: Finale,J.C.Staff,Comedy,8.24,284,121775,1509
One Piece Movie 14: Stampede,Toei Animation,Action,8.24,285,140509,1364
Quanzhi Gaoshou Specials,Tencent Animation & Comics,Action,8.24,286,95775,1816
Youjo Senki Movie,Nut,Action,8.24,287,232182,859
Yuukoku no Moriarty Part 2,Production I.G,Mystery,8.24,288,191500,1035
Danshi Koukousei no Nichijou,Sunrise,Comedy,8.24,289,742099,207
Detective Conan: Episode One - The Great Detective Turned Small,TMS Entertainment,Adventure,8.24,290,27365,3697
Ginga Eiyuu Densetsu: Die Neue These - Seiran 3,Production I.G,Drama,8.24,291,21064,4151
Luo Xiao Hei Zhan Ji (Movie),add some,Adventure,8.24,292,17420,4522
Dororo,Tezuka Productions,Action,8.23,293,1029764,116
Golden Kamuy 2nd Season,Geno Studio,Action,8.23,294,164047,1215
Hajime no Ippo: Mashiba vs. Kimura,Madhouse,Sports,8.23,295,93805,1849
Kuroko no Basket 2nd Season,Production I.G,Sports,8.23,296,763397,192
Magi: The Kingdom of Magic,A-1 Pictures,Action,8.23,297,772102,188
Major S1,Studio Hibari,Comedy,8.23,298,93504,1858
Mobile Suit Gundam: Iron-Blooded Orphans 2nd Season,Sunrise,Action,8.23,299,123046,1497
Ookami to Koushinryou,Imagin,Adventure,8.23,300,747754,201
Mahou Shoujo Madoka★Magica Movie 1: Hajimari no Monogatari,Shaft,Drama,8.22,301,184081,1072
Mimi wo Sumaseba,Studio Ghibli,Drama,8.22,302,305011,645
No Game No Life: Zero,Madhouse,Drama,8.22,303,777854,185
SKET Dance,Tatsunoko Production,Comedy,8.22,304,210961,949
Trigun,Madhouse,Action,8.22,305,667463,244
xxxHOLiC: Kei,Production I.G,Comedy,8.22,306,131904,1429
Yahari Ore no Seishun Love Comedy wa Machigatteiru. Zoku,feel.,Comedy,8.22,307,944606,136
Detective Conan Movie 13: The Raven Chaser,Tokyo Movie Shinsha,Action,8.22,308,54021,2580
Fruits Basket 1st Season,TMS Entertainment,Drama,8.22,309,683472,233
Hachimitsu to Clover II,J.C.Staff,Drama,8.22,310,100656,1764
Kono Sekai no Katasumi ni,MAPPA,Drama,8.22,311,165795,1202
Bungou Stray Dogs 3rd Season,Bones,Action,8.21,312,504235,362
Cardcaptor Sakura Movie 2: Fuuin Sareta Card,Madhouse,Comedy,8.21,313,107303,1679
Douluo Dalu: Xiaowu Juebie,Sparkly Key Animation Studio,Action,8.21,314,9059,5881
Horimiya,CloverWorks,Romance,8.21,315,1058333,111
IDOLiSH7: Third Beat!,TROYCA,Drama,8.21,316,16003,4678
Kaguya-hime no Monogatari,Studio Ghibli,Fantasy,8.21,317,197254,1006
Majo no Takkyuubin,Studio Ghibli,Adventure,8.21,318,499820,364
Major S2,Studio Hibari,Comedy,8.21,319,66849,2282
Nomad: Megalo Box 2,TMS Entertainment,Drama,8.21,320,172381,1147
ReLIFE: Kanketsu-hen,TMS Entertainment,Romance,8.21,321,335771,574
Saiki Kusuo no Ψ-nan: Kanketsu-hen,J.C.Staff,Comedy,8.21,322,185439,1063
Stand By Me Doraemon 2,Shirogumi,Comedy,8.21,323,16526,4613
Vanitas no Karte Part 2,Bones,Supernatural,8.21,324,191015,1036
Major S4,SynergySP,Comedy,8.2,325,60926,2413
One Piece: Episode of Merry - Mou Hitori no Nakama no Monogatari,Toei Animation,Action,8.2,326,54294,2570
Shoujo Shuumatsu Ryokou,White Fox,Adventure,8.2,327,294049,676
Tanoshii Muumin Ikka,Telescreen,Adventure,8.2,328,23091,3994
xxxHOLiC: Rou,Production I.G,Mystery,8.2,329,64491,2332
Yoru wa Mijikashi Arukeyo Otome,Science SARU,Comedy,8.2,330,107200,1682
Bakuman.,J.C.Staff,Comedy,8.2,331,575623,313
Berserk: Ougon Jidai-hen III - Kourin,Studio 4°C,Action,8.2,332,197551,1004
Bungou Stray Dogs 2nd Season,Bones,Action,8.2,333,715568,226
InuYasha: Kanketsu-hen,Sunrise,Action,8.2,334,256652,782
Little Busters!: Refrain,J.C.Staff,Comedy,8.2,335,154858,1272
Asobi Asobase,Lerche,Comedy,8.19,336,407885,461
Ballroom e Youkoso,Production I.G,Comedy,8.19,337,294465,675
Chihayafuru,Madhouse,Drama,8.19,338,419075,443
Eiga Daisuki Pompo-san (Movie),CLAP,Comedy,8.19,339,21287,4139
Fate/stay night Movie: Heaven's Feel - I. Presage Flower,ufotable,Action,8.19,340,394592,477
Fate/stay night: Unlimited Blade Works,ufotable,Action,8.19,341,957067,128
Girls & Panzer Movie,Actas,Sports,8.19,342,94997,1832
Girls & Panzer: Saishuushou Part 3,Actas,Military,8.19,343,18259,4431
Higurashi no Naku Koro ni Kai,Studio Deen,Mystery,8.19,344,446247,416
Hunter x Hunter: Greed Island,Nippon Animation,Action,8.19,345,141193,1359
Kamisama Hajimemashita◎,TMS Entertainment,Comedy,8.19,346,345440,555
Liz to Aoi Tori,Kyoto Animation,Drama,8.19,347,116224,1570
Maison Ikkoku,Studio Deen,Comedy,8.19,348,63230,2359
Non Non Biyori Repeat,SILVER LINK.,Slice of Life,8.19,349,183666,1074
Ramayana: The Legend of Prince Rama,Nippon Ramayana Film Co.,Adventure,8.19,350,6412,6760
Senki Zesshou Symphogear XV,Satelight,Action,8.19,351,34623,3294
Shoujo Kakumei Utena,J.C.Staff,Comedy,8.19,352,191612,1034
Toaru Kagaku no Railgun T,J.C.Staff,Action,8.19,353,200670,990
Shokugeki no Souma,J.C.Staff,Gourmet,8.18,354,1494207,53
Aria the Natural,Hal Film Maker,Fantasy,8.18,355,73059,2159
Black Lagoon: The Second Barrage,Madhouse,Action,8.18,356,462753,395
Dr. Stone: Stone Wars,TMS Entertainment,Adventure,8.18,357,836811,164
Detective Conan Movie 20: The Darkest Nightmare,TMS Entertainment,Action,8.17,358,36294,3199
Digimon Adventure: Last Evolution Kizuna,Yumeta Company,Action,8.17,359,35948,3216
Haikyuu!! Movie 4: Concept no Tatakai,Production I.G,Sports,8.17,360,66767,2283
K-On!!,Kyoto Animation,Comedy,8.17,361,628221,270
Kyoukai no Kanata Movie 2: I'll Be Here - Mirai-hen,Kyoto Animation,Fantasy,8.17,362,236756,842
Major: Message,SynergySP,Comedy,8.17,363,28470,3627
Noragami Aragoto,Bones,Action,8.17,364,1322012,76
Ouran Koukou Host Club,Bones,Comedy,8.16,365,1019520,119
Tengen Toppa Gurren Lagann Movie 1: Gurren-hen,Gainax,Action,8.16,366,150267,1297
Working!!!: Lord of the Takanashi,A-1 Pictures,Comedy,8.16,367,95975,1814
Akira,Tokyo Movie Shinsha,Action,8.16,368,736793,212
Death Parade,Madhouse,Drama,8.16,369,1570258,49
Detective Conan,TMS Entertainment,Adventure,8.16,370,312099,623
Hinamatsuri (TV),feel.,Comedy,8.16,371,452915,409
Kaguya-sama wa Kokurasetai: Ultra Romantic Teaser PV - Ishigami Yuu wa Kataritai,A-1 Pictures,Comedy,8.16,372,41336,2977
"Komi-san wa, Comyushou desu. 2nd Season",OLM,Comedy,8.16,373,314667,617
Boku no Hero Academia 2nd Season,Bones,Action,8.15,374,2234290,14
Cardcaptor Sakura,Madhouse,Adventure,8.15,375,397303,470
Dragon Ball Z,Toei Animation,Action,8.15,376,1105479,104
Gankutsuou,Gonzo,Drama,8.15,377,228364,872
Given Movie,Lerche,Boys Love,8.15,378,191954,1033
Given: Uragawa no Sonzai,Lerche,Boys Love,8.15,379,64465,2333
IDOLiSH7: Second Beat!,TROYCA,Drama,8.15,380,24840,3871
Initial D Fourth Stage,A.C.G.T.,Action,8.15,381,155723,1266
Kaiba,Madhouse,Adventure,8.15,382,136384,1390
Lupin III: Cagliostro no Shiro,Tokyo Movie Shinsha,Action,8.15,383,104339,1724
Lupin III: Part 5,Telecom Animation Film,Action,8.15,384,38987,3084
Nisemonogatari,Shaft,Comedy,8.15,385,681284,235
Nodame Cantabile: Paris-hen,J.C.Staff,Comedy,8.15,386,117884,1545
Non Non Biyori Nonstop: Bukatsu wo Ganbatta,SILVER LINK.,Slice of Life,8.15,387,11861,5263
One Piece Film: Z,Toei Animation,Action,8.15,388,237170,839
Natsume Yuujinchou: Ishi Okoshi to Ayashiki Raihousha,Shuka,Drama,8.14,389,28274,3636
Seirei no Moribito,Production I.G,Action,8.14,390,202557,983
Yuukoku no Moriarty,Production I.G,Mystery,8.14,391,329447,588
Dragon Ball Super: Broly,Toei Animation,Action,8.14,392,324395,599
Eizouken ni wa Te wo Dasu na!,Science SARU,Adventure,8.14,393,295408,669
Initial D Second Stage,Pastel,Action,8.14,394,181265,1088
"Kamisama Hajimemashita: Kamisama, Shiawase ni Naru",TMS Entertainment,Comedy,8.14,395,55755,2535
Katekyo Hitman Reborn!,Artland,Action,8.14,396,522664,350
Made in Abyss Movie 1: Tabidachi no Yoake,Kinema Citrus,Adventure,8.14,397,96556,1810
Douluo Dalu: Xingdou Xian Ji Pian,Sparkly Key Animation Studio,Action,8.13,398,5892,6987
Ginga Eiyuu Densetsu Gaiden,Artland,Action,8.13,399,21715,4108
Ginga Eiyuu Densetsu: Die Neue These - Seiran 2,Production I.G,Drama,8.13,400,20456,4205
Honzuki no Gekokujou: Shisho ni Naru Tame ni wa Shudan wo Erandeiraremasen 2nd Season,Ajia-Do,Fantasy,8.13,401,164353,1211
Interstella5555: The 5tory of The 5ecret 5tar 5ystem,Toei Animation,Adventure,8.13,402,67190,2277
Mahou Shoujo Lyrical Nanoha: The Movie 2nd A's,Seven Arcs,Action,8.13,403,22384,4054
One Piece: Episode of Nami - Koukaishi no Namida to Nakama no Kizuna,Toei Animation,Action,8.13,404,62206,2377
Tensei shitara Slime Datta Ken,8bit,Action,8.13,405,1189092,88
Toki wo Kakeru Shoujo,Madhouse,Drama,8.13,406,729455,216
Tonikaku Kawaii: SNS,Seven Arcs,Comedy,8.13,407,108674,1663
Mahoutsukai no Yome: Hoshi Matsu Hito,Wit Studio,Fantasy,8.12,408,255585,786
Mo Dao Zu Shi Q,B.CMAY PICTURES,Comedy,8.12,409,19117,4349
Mobile Suit Gundam 00,Sunrise,Action,8.12,410,204994,973
Mobile Suit Gundam: The Origin - Advent of the Red Comet,Sunrise,Action,8.12,411,17245,4546
Princess Tutu,Hal Film Maker,Comedy,8.12,412,152538,1285
Tamayura: Sotsugyou Shashin Part 4 - Ashita,TYO Animations,Comedy,8.12,413,9949,5641
Youkoso Jitsuryoku Shijou Shugi no Kyoushitsu e (TV) 2nd Season,Lerche,Drama,8.12,414,215785,925
5-toubun no Hanayome ∬,Bibury Animation Studios,Comedy,8.12,415,578967,309
Black Clover,Pierrot,Action,8.12,416,1373848,68
Chuunibyou demo Koi ga Shitai! Movie: Take On Me,Kyoto Animation,Comedy,8.12,417,233528,853
Detective Conan Movie 05: Countdown to Heaven,TMS Entertainment,Adventure,8.12,418,57546,2499
Detective Conan Movie 14: The Lost Ship in the Sky,Tokyo Movie Shinsha,Action,8.12,419,51263,2650
Detroit Metal City,Studio 4°C,Comedy,8.12,420,197171,1008
Durarara!!,Brain's Base,Action,8.12,421,1299792,78
Fullmetal Alchemist,Bones,Action,8.12,422,1361482,73
Gintama': Futon ni Haitte kara Buki Nokoshi ni Kizuite Neru ni Nerenai Toki mo Aru,Sunrise,Action,8.12,423,37040,3162
Kono Subarashii Sekai ni Shukufuku wo!,Studio Deen,Adventure,8.12,424,1720207,37
Koukaku Kidoutai: Stand Alone Complex - Solid State Society,Production I.G,Mystery,8.12,425,93798,1850
Kuragehime,Brain's Base,Comedy,8.12,426,215304,926
Baccano! Specials,Brain's Base,Action,8.11,427,169463,1178
Diamond no Ace,Production I.G,Sports,8.11,428,221660,904
Douluo Dalu: Hanhai Qian Kun,Sparkly Key Animation Studio,Action,8.11,429,5363,7233
Gintama°: Umai-mono wa Atomawashi ni Suru to Yokodorisareru kara Yappari Saki ni Kue,Bandai Namco Pictures,Action,8.11,430,31036,3459
Haikyuu!! Movie 3: Sainou to Sense,Production I.G,Sports,8.11,431,69480,2227
Mobile Suit Gundam Unicorn,Sunrise,Action,8.11,432,89937,1898
One Piece Film: Strong World,Toei Animation,Action,8.11,433,217916,914
Saiki Kusuo no Ψ-nan: Ψ-shidou-hen,J.C.Staff,Comedy,8.11,434,188326,1045
Sakura-sou no Pet na Kanojo,J.C.Staff,Drama,8.11,435,1142359,95
Shokugeki no Souma: Ni no Sara,J.C.Staff,Gourmet,8.11,436,1032499,115
Tokyo Revengers,LIDENFILMS,Action,8.11,437,970414,124
Toradora!,J.C.Staff,Drama,8.11,438,1995621,20
Tsubasa: Shunraiki,Production I.G,Action,8.11,439,59271,2449
Uchouten Kazoku 2,P.A. Works,Comedy,8.11,440,59232,2453
No Game No Life,Madhouse,Comedy,8.1,441,2174544,15
Quanzhi Gaoshou: Dianfeng Rongyao,Colored Pencil Animation,Action,8.1,442,42397,2945
Tsukimonogatari,Shaft,Comedy,8.1,443,385730,484
Zankyou no Terror,MAPPA,Mystery,8.1,444,1038671,114
Akatsuki no Yona OVA,Pierrot,Action,8.1,445,120995,1518
Ansatsu Kyoushitsu,Lerche,Action,8.1,446,1760291,34
Douluo Dalu: Qian Hua Xi Jin,Sparkly Key Animation Studio,Action,8.1,447,7602,6321
Honzuki no Gekokujou: Shisho ni Naru Tame ni wa Shudan wo Erandeiraremasen 3rd Season,Ajia-Do,Fantasy,8.1,448,100423,1768
JoJo no Kimyou na Bouken Part 3: Stardust Crusaders,David Production,Action,8.1,449,1039210,113
Kanata no Astra,Lerche,Adventure,8.1,450,264514,759
Kaze Tachinu,Studio Ghibli,Drama,8.1,451,281970,706
Kuroko no Basket: Saikou no Present Desu,Production I.G,Action,8.1,452,93158,1861
Love Live! Superstar!! 2nd Season,Sunrise,Slice of Life,8.1,453,15506,4732
Douluo Dalu: Jingying Sai,Sparkly Key Animation Studio,Action,8.09,454,14379,4879
Gin no Saji,A-1 Pictures,Comedy,8.09,455,269241,746
Ginga Eiyuu Densetsu: Arata Naru Tatakai no Overture,Magic Bus,Action,8.09,456,31123,3449
Hajime no Ippo: Boxer no Kobushi,Madhouse,Sports,8.09,457,46785,2776
Hyouka,Kyoto Animation,Mystery,8.09,458,1227207,87
Mirai Shounen Conan,Nippon Animation,Adventure,8.09,459,43966,2871
Mobile Suit Gundam 00 Second Season,Sunrise,Action,8.09,460,140295,1365
Saint Seiya: The Lost Canvas - Meiou Shinwa 2,TMS Entertainment,Action,8.09,461,69357,2231
Skip Beat!,Hal Film Maker,Comedy,8.09,462,250022,799
Tsuki ga Kirei,feel.,Romance,8.09,463,481103,380
Mairimashita! Iruma-kun 2nd Season,Bandai Namco Pictures,Comedy,8.08,464,230075,866
Stand By Me Doraemon,Shirogumi,Comedy,8.08,465,45889,2811
World Trigger 2nd Season,Toei Animation,Action,8.08,466,120851,1520
Yowamushi Pedal: Grande Road,TMS Entertainment,Sports,8.08,467,126771,1464
Yuusha-Ou GaoGaiGar Final,Sunrise,Adventure,8.08,468,9044,5885
Boku no Hero Academia 3rd Season,Bones,Action,8.08,469,1920467,24
Detective Conan Movie 18: The Sniper from Another Dimension,TMS Entertainment,Action,8.08,470,38414,3109
Douluo Dalu: Haishen Zhi Guang,Sparkly Key Animation Studio,Action,8.08,471,5379,7223
Gintama: Nanigoto mo Saiyo ga Kanjin nano de Tasho Senobisuru Kurai ga Choudoyoi,Sunrise,Action,8.08,472,52215,2615
Hidamari Sketch: Sae Hiro Sotsugyou-hen,Shaft,Comedy,8.08,473,12575,5155
Hikaru no Go,Pierrot,Comedy,8.08,474,127246,1457
Hololive Alternative,Hololive Production,Music,8.08,475,8000,6171
Initial D Fifth Stage,SynergySP,Action,8.08,476,123475,1493
Kamisama Hajimemashita,TMS Entertainment,Comedy,8.08,477,575546,314
Karakai Jouzu no Takagi-san 2,Shin-Ei Animation,Comedy,8.08,478,286270,693
Koukaku Kidoutai: Stand Alone Complex - The Laughing Man,Production I.G,Action,8.08,479,37993,3125
Kuroko no Basket,Production I.G,Sports,8.08,480,1073577,108
Kuroko no Basket Movie 4: Last Game,Production I.G,Sports,8.08,481,255033,788
Kuroshitsuji: Book of Circus,A-1 Pictures,Action,8.08,482,365621,514
Angel Beats!,P.A. Works,Drama,8.07,483,1915545,27
Darker than Black: Kuro no Keiyakusha,Bones,Action,8.07,484,870780,154
Detective Conan Movie 08: Magician of the Silver Sky,TMS Entertainment,Adventure,8.07,485,51372,2646
Doraemon Movie 31: Shin Nobita to Tetsujin Heidan - Habatake Tenshi-tachi,Shin-Ei Animation,Adventure,8.07,486,11195,5375
Dorohedoro,MAPPA,Action,8.07,487,448815,415
Durarara!!x2 Ketsu,Shuka,Action,8.07,488,350615,543
Ginga Eiyuu Densetsu Gaiden (1999),Artland,Action,8.07,489,18357,4422
Gintama: Dai Hanseikai,Sunrise,Action,8.07,490,34798,3285
Girls & Panzer: Saishuushou Part 2,Actas,Military,8.07,491,28511,3624
Kuroshitsuji: Book of Murder,A-1 Pictures,Action,8.07,492,222898,899
Mahoutsukai no Yome,Wit Studio,Fantasy,8.07,493,793225,179
Serial Experiments Lain,Triangle Staff,Avant Garde,8.07,494,647766,255
Shijou Saikyou no Deshi Kenichi,TMS Entertainment,Action,8.07,495,279514,715
Omoide no Marnie,Studio Ghibli,Drama,8.06,496,256893,781
City Hunter 2,Sunrise,Action,8.06,497,23582,3954
Dennou Coil,Madhouse,Adventure,8.06,498,136358,1392
Glass no Kamen (2005),Tokyo Movie Shinsha,Drama,8.06,499,35988,3214
Gosick,Bones,Drama,8.06,500,497555,366
Kodomo no Omocha (TV),Gallop,Comedy,8.06,501,60301,2424
Koukyoushihen Eureka Seven,Bones,Adventure,8.06,502,413270,450
Kyou kara Ore wa!!,Pierrot,Comedy,8.06,503,29621,3552
Lycoris Recoil,A-1 Pictures,Action,8.06,504,89753,1899
Ao Ashi,Production I.G,Sports,8.05,505,98977,1783
Fate/stay night: Unlimited Blade Works Prologue,ufotable,Action,8.05,506,293151,678
Kill la Kill,Trigger,Action,8.05,507,1564802,50
xxxHOLiC: Shunmuki,Production I.G,Comedy,8.05,508,65650,2306
Mobile Suit Gundam: Iron-Blooded Orphans,Sunrise,Action,8.04,509,207374,964
Paprika,Madhouse,Avant Garde,8.04,510,465933,393
Saint Seiya: Meiou Hades Juuni Kyuu-hen,Toei Animation,Adventure,8.04,511,52407,2612
Summer Wars,Madhouse,Comedy,8.04,512,485381,377
Yahari Ore no Seishun Love Comedy wa Machigatteiru. Zoku OVA,feel.,Comedy,8.04,513,217896,915
BanG Dream! 3rd Season,SANZIGEN,Music,8.04,514,30666,3479
Detective Conan Movie 10: Requiem of the Detectives,TMS Entertainment,Adventure,8.04,515,50750,2670
Full Metal Panic? Fumoffu,Kyoto Animation,Action,8.04,516,278969,716
Kara no Kyoukai Movie 3: Tsuukaku Zanryuu,ufotable,Action,8.04,517,211700,948
Kono Subarashii Sekai ni Shukufuku wo! 2: Kono Subarashii Geijutsu ni Shukufuku wo!,Studio Deen,Adventure,8.04,518,324365,598
Akatsuki no Yona,Pierrot,Action,8.03,519,758199,196
BanG Dream! Movie: Episode of Roselia - II: Song I Am.,SANZIGEN,Music,8.03,520,5849,7007
Black Lagoon,Madhouse,Action,8.03,521,886497,150
Black Lagoon: Roberta's Blood Trail,Madhouse,Action,8.03,522,261175,768
Detective Conan Movie 03: The Last Wizard of the Century,TMS Entertainment,Adventure,8.03,523,59891,2433
Detective Conan Movie 04: Captured in Her Eyes,TMS Entertainment,Adventure,8.03,524,56452,2518
Douluo Dalu: Hao Tian Yang Wei,Sparkly Key Animation Studio,Action,8.03,525,7777,6243
Eve no Jikan,Studio Rikka,Sci-Fi,8.03,526,171948,1151
FLCL,Gainax,Action,8.03,527,737245,211
Ginga Nagareboshi Gin,Toei Animation,Action,8.03,528,24490,3895
Juuni Kokuki,Pierrot,Action,8.03,529,133228,1410
Kamisama Hajimemashita OVA,TMS Entertainment,Comedy,8.03,530,115341,1581
Lovely★Complex,Toei Animation,Comedy,8.03,531,530749,344
Saiunkoku Monogatari 2nd Season,Madhouse,Adventure,8.03,532,38369,3111
Shokugeki no Souma: San no Sara,J.C.Staff,Gourmet,8.03,533,876284,151
SK∞,Bones,Sports,8.03,534,455008,404
Toaru Kagaku no Railgun S,J.C.Staff,Action,8.03,535,356172,532
Tsumiki no Ie,Oh! Production,Award Winning,8.03,536,89563,1902
Yofukashi no Uta,LIDENFILMS,Romance,8.03,537,209024,953
Yuuki Yuuna wa Yuusha de Aru: Washio Sumi no Shou 3 - Yakusoku,Studio Gokumi,Drama,8.03,538,13442,5008
Zombieland Saga: Revenge,MAPPA,Comedy,8.03,539,181244,1089
Magi: The Labyrinth of Magic,A-1 Pictures,Action,8.02,540,947511,134
Omae Umasou da na,Ajia-Do,Action,8.02,541,17308,4533
Persona 3 the Movie 4: Winter of Rebirth,A-1 Pictures,Action,8.02,542,64080,2339
Slayers Next,E&G Films,Adventure,8.02,543,65713,2303
Sword Art Online: Progressive Movie - Hoshi Naki Yoru no Aria,A-1 Pictures,Action,8.02,544,174592,1127
Tokyo Magnitude 8.0,Bones,Drama,8.02,545,277477,722
Uma Musume: Pretty Derby (TV) Season 2,Studio Kai,Sports,8.02,546,37853,3135
Yahari Ore no Seishun Love Comedy wa Machigatteiru.,Brain's Base,Comedy,8.02,547,1274265,82
Baby Steps 2nd Season,Pierrot,Sports,8.02,548,85584,1968
D.Gray-man,TMS Entertainment,Action,8.02,549,645574,257
Detective Conan Movie 15: Quarter of Silence,TMS Entertainment,Adventure,8.02,550,43316,2895
Evangelion: 1.0 You Are (Not) Alone,Khara,Action,8.02,551,494890,368
Golden Boy,APPP,Adventure,8.02,552,328987,592
Hachimitsu to Clover,J.C.Staff,Comedy,8.02,553,248215,804
Kaichou wa Maid-sama!,J.C.Staff,Comedy,8.02,554,1132337,97
Kami nomi zo Shiru Sekai: Megami-hen,Manglobe,Comedy,8.02,555,318701,609
Kara no Kyoukai Movie: Mirai Fukuin,ufotable,Drama,8.02,556,105259,1706
"Komi-san wa, Comyushou desu.",OLM,Comedy,8.02,557,672864,240
Aria the OVA: Arietta,Hal Film Maker,Fantasy,8.01,558,35095,3263
Boku no Hero Academia the Movie 2: Heroes:Rising,Bones,Action,8.01,559,475893,385
Clannad,Kyoto Animation,Drama,8.01,560,1306909,77
ef: A Tale of Melodies.,Shaft,Drama,8.01,561,157684,1249
Fullmetal Alchemist: Brotherhood Specials,Bones,Drama,8.01,562,146801,1325
Ginga Eiyuu Densetsu: Die Neue These - Seiran 1,Production I.G,Drama,8.01,563,23888,3936
Haikyuu!! Movie 2: Shousha to Haisha,Production I.G,Sports,8.01,564,76580,2094
Hanada Shounen-shi,Madhouse,Comedy,8.01,565,13999,4921
Honzuki no Gekokujou: Shisho ni Naru Tame ni wa Shudan wo Erandeiraremasen,Ajia-Do,Fantasy,8.01,566,241746,824
Mobile Suit Gundam: The 08th MS Team,Sunrise,Adventure,8.01,567,73564,2145
Pui Pui Molcar,Shin-Ei Animation,Comedy,8.01,568,12243,5207
Tate no Yuusha no Nariagari,Kinema Citrus,Action,8.01,569,1359521,74
Maoujou de Oyasumi,Doga Kobo,Comedy,8.0,570,174808,1126
Nagi no Asu kara,P.A. Works,Drama,8.0,571,559295,326
School Rumble Ni Gakki,Studio Comet,Comedy,8.0,572,150873,1293
Touch,Group TAC,Drama,8.0,573,32005,3411
Wolf's Rain OVA,Bones,Adventure,8.0,574,61808,2386
Doupo Cangqiong 4th Season,Motion Magic,Action,8.0,575,4172,8018
Eve no Jikan (Movie),Studio Rikka,Sci-Fi,8.0,576,118163,1543
Hibike! Euphonium,Kyoto Animation,Drama,8.0,577,412458,452
Kakushigoto (TV),Ajia-Do,Comedy,8.0,578,290273,686
Kimi ni Todoke,Production I.G,Drama,8.0,579,817095,170
Koukaku Kidoutai: Stand Alone Complex 2nd GIG - Individual Eleven,Production I.G,Action,8.0,580,27792,3665
Love Live! Superstar!!,Sunrise,Slice of Life,8.0,581,54042,2579
Code Geass: Hangyaku no Lelouch III - Oudou,Sunrise,Action,7.99,582,82239,2021
Durarara!!x2 Shou,Shuka,Action,7.99,583,448920,414
High Score Girl II,J.C.Staff,Comedy,7.99,584,118992,1532
High Score Girl: Extra Stage,J.C.Staff,Comedy,7.99,585,65981,2300
Kimi ni Todoke 2nd Season,Production I.G,Drama,7.99,586,410699,455
Kobayashi-san Chi no Maid Dragon,Kyoto Animation,Fantasy,7.99,587,1099459,105
Koukaku Kidoutai 2.0,Production I.G,Action,7.99,588,84038,1994
Major Movie: Yuujou no Winning Shot,Xebec,Action,7.99,589,19190,4338
Mushoku Tensei: Isekai Ittara Honki Dasu Special,Studio Bind,Drama,7.99,590,95568,1819
Ookiku Furikabutte: Natsu no Taikai-hen,A-1 Pictures,Comedy,7.99,591,41740,2963
ReLIFE,TMS Entertainment,Drama,7.99,592,921417,142
Wan Sheng Jie 2,add some,Comedy,7.99,593,7380,6389
xxxHOLiC,Production I.G,Comedy,7.99,594,291960,681
Rurouni Kenshin: Meiji Kenkaku Romantan - Seisou-hen,Studio Deen,Drama,7.98,595,78837,2064
Sakasama no Patema,Studio Rikka,Adventure,7.98,596,263561,763
Shokugeki no Souma: San no Sara - Tootsuki Ressha-hen,J.C.Staff,Gourmet,7.98,597,643087,260
Tennis no Ouji-sama: Zenkoku Taikai-hen - Final,M.S.C,Sports,7.98,598,33950,3328
Wan Sheng Jie,add some,Comedy,7.98,599,15473,4741
Working!!!,A-1 Pictures,Comedy,7.98,600,229688,867
Akagami no Shirayuki-hime 2nd Season,Bones,Drama,7.98,601,322215,602
Aria the Origination: Sono Choppiri Himitsu no Basho ni...,Hal Film Maker,Comedy,7.98,602,20156,4224
Douluo Dalu: Shan Yu Yu Lai,Sparkly Key Animation Studio,Action,7.98,603,4722,7646
Durarara!!x2 Ten,Shuka,Action,7.98,604,366697,510
Azumanga Daioh,J.C.Staff,Comedy,7.97,605,301743,654
Haibane Renmei,Radix,Drama,7.97,606,252330,795
Haikyuu!! Movie 1: Owari to Hajimari,Production I.G,Sports,7.97,607,84050,1995
Hyouge Mono,Bee Train,Adult Cast,7.97,608,25601,3811
IDOLiSH7 Vibrato,TROYCA,Drama,7.97,609,12973,5091
Mahou Shoujo Lyrical Nanoha A's,Seven Arcs,Action,7.97,610,61482,2397
Naruto,Pierrot,Action,7.97,611,2516414,8
Promare,Trigger,Action,7.97,612,242536,822
Saint Seiya: The Lost Canvas - Meiou Shinwa,TMS Entertainment,Action,7.97,613,98998,1782
Youjo Senki,Nut,Action,7.97,614,793057,180
Yuri!!! on Ice: Yuri Plisetsky GPF in Barcelona EX - Welcome to The Madness,MAPPA,Sports,7.97,615,74774,2122
Mawaru Penguindrum,Brain's Base,Avant Garde,7.96,616,280531,712
Noragami,Bones,Action,7.96,617,1953370,22
One Piece Film: Strong World Episode 0,Toei Animation,Adventure,7.96,618,76307,2095
Osomatsu-san,Pierrot,Comedy,7.96,619,161036,1226
Phantom: Requiem for the Phantom,Bee Train,Action,7.96,620,311848,624
Quanzhi Gaoshou 2,Colored Pencil Animation,Action,7.96,621,102941,1741
Tekkon Kinkreet,Studio 4°C,Action,7.96,622,101311,1758
Dragon Ball,Toei Animation,Adventure,7.96,623,920222,143
Girls & Panzer: Saishuushou Part 1,Actas,Military,7.96,624,40724,3014
Hokuto no Ken,Toei Animation,Action,7.96,625,118832,1535
Kanon (2006),Kyoto Animation,Drama,7.96,626,255931,784
Kingdom,Pierrot,Action,7.96,627,183535,1076
Kobato.,Madhouse,Comedy,7.96,628,156531,1256
Macross F Movie 2: Sayonara no Tsubasa,Satelight,Action,7.96,629,25794,3798
Macross: Do You Remember Love?,Artland,Action,7.96,630,42701,2931
Douluo Dalu: Chongfan Haotian,Sparkly Key Animation Studio,Action,7.95,631,3937,8174
Fate/kaleid liner Prisma☆Illya Movie: Sekka no Chikai,SILVER LINK.,Action,7.95,632,84662,1983
Hikaru no Go: Hokuto Hai e no Michi,Pierrot,Strategy Game,7.95,633,22495,4043
Kidou Keisatsu Patlabor 2 the Movie,Production I.G,Drama,7.95,634,31277,3438
Kindaichi Shounen no Jikenbo,Toei Animation,Mystery,7.95,635,26845,3722
Kokoro Connect: Michi Random,SILVER LINK.,Drama,7.95,636,245331,811
Kurenai no Buta,Studio Ghibli,Action,7.95,637,214008,932
Nurarihyon no Mago: Sennen Makyou,Studio Deen,Action,7.95,638,152730,1282
Takarajima,Madhouse,Adventure,7.95,639,17710,4494
Usagi Drop Specials,Production I.G,Slice of Life,7.95,640,66559,2287
Wotaku ni Koi wa Muzukashii,A-1 Pictures,Romance,7.95,641,833052,167
Yowamushi Pedal,TMS Entertainment,Comedy,7.95,642,213739,933
Mobile Suit Gundam 0080: War in the Pocket,Sunrise,Drama,7.94,643,51842,2628
Mobile Suit Gundam Thunderbolt,Sunrise,Action,7.94,644,48372,2734
Mobile Suit Gundam Thunderbolt: December Sky,Sunrise,Action,7.94,645,19711,4273
Nekomonogatari: Kuro,Shaft,Comedy,7.94,646,509669,354
Non Non Biyori,SILVER LINK.,Slice of Life,7.94,647,389577,481
Trigun: Badlands Rumble,Madhouse,Action,7.94,648,126780,1463
Wotaku ni Koi wa Muzukashii OVA,A-1 Pictures,Romance,7.94,649,169126,1183
xxxHOLiC Movie: Manatsu no Yoru no Yume,Production I.G,Comedy,7.94,650,61803,2387
Boku no Hero Academia 4th Season,Bones,Action,7.94,651,1477517,57
Bungou Stray Dogs Wan!,Bones,Comedy,7.94,652,90383,1892
"Clannad: Mou Hitotsu no Sekai, Tomoyo-hen",Kyoto Animation,Drama,7.94,653,289580,688
Dance Dance Danseur,MAPPA,Drama,7.94,654,59518,2440
Detective Conan Movie 25: Halloween no Hanayome,add some,Mystery,7.94,655,7174,6460
Fate/Grand Order: Zettai Majuu Sensen Babylonia,CloverWorks,Action,7.94,656,239144,831
Full Moon wo Sagashite,Studio Deen,Comedy,7.94,657,101900,1753
Gochuumon wa Usagi Desu ka? Bloom,Encourage Films,Comedy,7.94,658,53825,2583
Hanamonogatari,Shaft,Comedy,7.94,659,395298,474
Kimi to Boku. 2,J.C.Staff,Comedy,7.94,660,82951,2010
Log Horizon,Satelight,Action,7.94,661,1027391,117
Bishoujo Senshi Sailor Moon: Sailor Stars,Toei Animation,Adventure,7.93,662,102814,1745
Boku no Hero Academia,Bones,Action,7.93,663,2666050,6
Darker than Black: Kuro no Keiyakusha Gaiden,Bones,Action,7.93,664,243030,821
Full Metal Panic! The Second Raid,Kyoto Animation,Action,7.93,665,247398,807
Hidamari Sketch x Honeycomb,Shaft,Comedy,7.93,666,21771,4106
Isekai Ojisan,AtelierPontdarc,Comedy,7.93,667,83049,2008
Kuuchuu Buranko,Toei Animation,Drama,7.93,668,85882,1964
Love Live! The School Idol Movie,Sunrise,Slice of Life,7.93,669,121146,1516
Marine Shukkou!!,Frontier One,Music,7.93,670,3545,8436
SKET Dance: Imouto no Nayami ni Nayamu Ani ni Nayamu Imouto to Sono Nakama-tachi,Tatsunoko Production,Comedy,7.93,671,20537,4200
Tamako Love Story,Kyoto Animation,Romance,7.93,672,339157,566
Touhai Densetsu Akagi: Yami ni Maiorita Tensai,Madhouse,Suspense,7.93,673,94008,1845
Zetsuen no Tempest,Bones,Action,7.93,674,557165,330
One Piece Film: Gold,Toei Animation,Action,7.92,675,173731,1135
Overlord,Madhouse,Action,7.92,676,1372018,69
Overlord III,Madhouse,Action,7.92,677,759066,195
Plastic Memories,Doga Kobo,Drama,7.92,678,843543,162
Umibe no Étranger,Studio Hibari,Boys Love,7.92,679,132793,1418
Yakitate!! Japan,Sunrise,Comedy,7.92,680,91392,1880
Yuru Yuri San☆Hai!,TYO Animations,Comedy,7.92,681,114997,1587
Cike Wu Liuqi,AHA Entertainment,Action,7.92,682,69100,2240
City Hunter,Sunrise,Action,7.92,683,69867,2220
Code Geass: Fukkatsu no Lelouch,Sunrise,Action,7.92,684,280677,711
Detective Conan OVA 09: The Stranger in 10 Years...,TMS Entertainment,Adventure,7.92,685,19624,4287
Eyeshield 21,Gallop,Sports,7.92,686,169799,1175
Final Fantasy VII: Advent Children Complete,Square Enix,Action,7.92,687,125609,1481
Hanasaku Iroha,P.A. Works,Drama,7.92,688,309920,627
Kotonoha no Niwa,CoMix Wave Films,Drama,7.92,689,766226,191
Macross,Tatsunoko Production,Action,7.92,690,97985,1794
Aria the Avvenire,TYO Animations,Fantasy,7.91,691,24953,3865
Bungou Stray Dogs: Dead Apple,Bones,Action,7.91,692,222159,902
Date A Live II: Kurumi Star Festival,Production IMS,Romance,7.91,693,165904,1200
Ergo Proxy,Manglobe,Mystery,7.91,694,579835,308
Gake no Ue no Ponyo,Studio Ghibli,Adventure,7.91,695,493537,370
Hidamari Sketch x ☆☆☆,Shaft,Comedy,7.91,696,25665,3808
Ie Naki Ko Remy,Nippon Animation,Adventure,7.91,697,18663,4395
JoJo no Kimyou na Bouken (TV),David Production,Action,7.91,698,1431156,64
Jormungand: Perfect Order,White Fox,Action,7.91,699,174394,1129
Kaleido Star,Gonzo,Comedy,7.91,700,78941,2060
Kono Oto Tomare!,Platinum Vision,Drama,7.91,701,245168,813
Lupin III (2015),Telecom Animation Film,Action,7.91,702,63638,2356
Ore Monogatari!!,Madhouse,Comedy,7.91,703,602769,285
Quanzhi Gaoshou,B.CMAY PICTURES,Action,7.91,704,336863,569
Sakigake!! Cromartie Koukou,Production I.G,Comedy,7.91,705,127996,1451
Shirokuma Cafe,Pierrot,Comedy,7.91,706,87047,1947
Tonikaku Kawaii,Seven Arcs,Comedy,7.91,707,598521,289
Ushio to Tora (TV) 2nd Season,MAPPA,Action,7.91,708,122551,1500
Vanitas no Karte,Bones,Supernatural,7.91,709,397869,469
Yagate Kimi ni Naru,TROYCA,Drama,7.91,710,289496,689
Yuri!!! on Ice,MAPPA,Sports,7.91,711,795107,176
Zoku Sayonara Zetsubou Sensei,Shaft,Comedy,7.91,712,124685,1485
Ookiku Furikabutte,A-1 Pictures,Comedy,7.9,713,94401,1839
Saiunkoku Monogatari,Madhouse,Adventure,7.9,714,89152,1914
School Rumble,Studio Comet,Comedy,7.9,715,308941,628
Shijou Saikyou no Deshi Kenichi OVA,Brain's Base,Action,7.9,716,53346,2590
Tennis no Ouji-sama: Zenkoku Taikai-hen,M.S.C,Sports,7.9,717,43325,2894
Tennis no Ouji-sama: Zenkoku Taikai-hen - Semifinal,M.S.C,Sports,7.9,718,34971,3271
Terra e... (TV),Tokyo Kids,Action,7.9,719,58252,2479
Vampire Hunter D (2000),Madhouse,Action,7.9,720,159695,1234
Death Billiards,Madhouse,Drama,7.9,721,222766,900
Drifters,Hoods Drifters Studio,Action,7.9,722,505106,361
ef: A Tale of Memories.,Shaft,Drama,7.9,723,242064,823
Free! Eternal Summer: Kindan no All Hard!,Kyoto Animation,Comedy,7.9,724,88017,1931
Gakuen Babysitters,Brain's Base,Comedy,7.9,725,284657,700
Ginga Eiyuu Densetsu: Waga Yuku wa Hoshi no Taikai,Kitty Film Mitaka Studio,Action,7.9,726,35363,3248
Higurashi no Naku Koro ni,Studio Deen,Horror,7.9,727,742311,205
Jigoku Shoujo Futakomori,Studio Deen,Horror,7.9,728,151531,1289
Machikado Mazoku: 2-choume,J.C.Staff,Comedy,7.9,729,48865,2718
Macross F,Satelight,Action,7.9,730,139327,1372
Carole & Tuesday,Bones,Drama,7.89,731,295402,670
Code Geass: Hangyaku no Lelouch I - Koudou,Sunrise,Action,7.89,732,89124,1915
Fate/Grand Carnival,Lerche,Comedy,7.89,733,42760,2930
Ginga Sengoku Gunyuuden Rai,E&G Films,Adventure,7.89,734,13965,4925
Initial D Third Stage,Studio Deen,Action,7.89,735,150529,1295
Kami nomi zo Shiru Sekai II,Manglobe,Comedy,7.89,736,366040,512
Karigurashi no Arrietty,Studio Ghibli,Fantasy,7.89,737,301866,653
Megalo Box,TMS Entertainment,Sci-Fi,7.89,738,459872,398
Mobile Suit Zeta Gundam,Sunrise,Drama,7.89,739,64392,2335
Osomatsu-san Movie,Pierrot,Comedy,7.89,740,13134,5061
Sekaiichi Hatsukoi OVA,Studio Deen,Boys Love,7.89,741,67054,2279
Wu Shan Wu Xing (2020),Nice Boat Animation,Action,7.89,742,42420,2944
Mahou Shoujo Lyrical Nanoha: The Movie 1st,Seven Arcs,Action,7.88,743,29518,3553
One Piece 3D2Y: Ace no shi wo Koete! Luffy Nakama Tono Chikai,Toei Animation,Adventure,7.88,744,80048,2045
One Piece: Episode of East Blue - Luffy to 4-nin no Nakama no Daibouken,Toei Animation,Action,7.88,745,33004,3364
Ookami to Koushinryou II: Ookami to Kohakuiro no Yuuutsu,Brain's Base,Adventure,7.88,746,156878,1255
Sekaiichi Hatsukoi Movie: Yokozawa Takafumi no Baai,Studio Deen,Boys Love,7.88,747,61340,2402
Shadows House 2nd Season,CloverWorks,Slice of Life,7.88,748,58109,2483
Space☆Dandy,Bones,Comedy,7.88,749,320790,606
Zan Sayonara Zetsubou Sensei,Shaft,Comedy,7.88,750,100520,1767
Beastars,Orange,Drama,7.88,751,741417,208
Berserk: Ougon Jidai-hen II - Doldrey Kouryaku,Studio 4°C,Action,7.87,759,188076,1046
Carnival Phantasm,Lerche,Comedy,7.88,752,182109,1084
Detective Conan Movie 02: The Fourteenth Target,TMS Entertainment,Adventure,7.88,753,57685,2493
Dramaturgy,add some,Music,7.88,754,4815,7586
Hoozuki no Reitetsu 2nd Season,Studio Deen,Comedy,7.88,755,43037,2909
Inochi no Tabekata,add some,Horror,7.88,756,3705,8330
Les Misérables: Shoujo Cosette,Nippon Animation,Drama,7.88,757,26140,3767
Beelzebub,Pierrot Plus,Action,7.87,758,549302,333
Bishoujo Senshi Sailor Moon S,Toei Animation,Drama,7.87,760,133507,1408
Bleach,Pierrot,Action,7.87,761,1678081,40
Densetsu Kyojin Ideon: Hatsudou-hen,Sunrise,Drama,7.87,762,8420,6052
Fate/Grand Order: Shuukyoku Tokuiten - Kani Jikan Shinden Solomon,CloverWorks,Action,7.87,763,56000,2529
High☆Speed! Movie: Free! Starting Days,Kyoto Animation,Drama,7.87,764,85238,1972
Lupin III vs. Detective Conan: The Movie,TMS Entertainment,Action,7.87,765,28687,3610
Mahoutsukai no Yome: Nishi no Shounen to Seiran no Kishi,Studio Kafka,Fantasy,7.87,766,50597,2675
Noragami Aragoto OVA,Bones,Comedy,7.87,767,239542,829
Princess Connect! Re:Dive Season 2,CygamesPictures,Action,7.87,768,97047,1805
Sayonara Zetsubou Sensei,Shaft,Comedy,7.87,769,322909,600
Seitokai Yakuindomo* OVA,GoHands,Comedy,7.87,770,73118,2154
Sekaiichi Hatsukoi 2,Studio Deen,Boys Love,7.87,771,147221,1321
Summer Ghost,Flat Studio,Supernatural,7.87,772,47597,2761
Tennis no Ouji-sama,Trans Arts,Sports,7.87,773,168134,1186
Tentai Senshi Sunred 2nd Season,AIC ASTA,Comedy,7.87,774,7488,6354
There She Is!!,add some,Comedy,7.87,775,23604,3951
Tiger & Bunny,Sunrise,Action,7.87,776,212393,942
Top wo Nerae! Gunbuster,Gainax,Action,7.87,777,112290,1612
Magic Kaito 1412,A-1 Pictures,Adventure,7.86,778,113608,1598
Mobile Suit Gundam: Hathaway's Flash,Sunrise,Action,7.86,779,26076,3776
Musekinin Kanchou Tylor,Tatsunoko Production,Comedy,7.86,780,44305,2857
Shingeki no Kyojin OVA,Wit Studio,Action,7.86,781,411071,454
Wan Sheng Jie 3,add some,Comedy,7.86,782,3241,8655
Yi Nian Yong Heng,B.CMAY PICTURES,Action,7.86,783,9498,5750
Youkoso Jitsuryoku Shijou Shugi no Kyoushitsu e (TV),Lerche,Drama,7.86,784,955528,130
Yuru Yuri Nachuyachumi!,TYO Animations,Comedy,7.86,785,68165,2260
Ano Hi Mita Hana no Namae wo Bokutachi wa Mada Shiranai. Movie,A-1 Pictures,Drama,7.86,786,272332,735
Douluo Dalu,Sparkly Key Animation Studio,Action,7.86,787,22726,4022
Douluo Dalu: Feng Qi Tang Men,Sparkly Key Animation Studio,Action,7.86,788,2601,9253
Douluo Dalu: Xiaowu Fuhuo,Sparkly Key Animation Studio,Action,7.86,789,3421,8523
Durarara!! Specials,Brain's Base,Action,7.86,790,161330,1224
Golden Kamuy,Geno Studio,Action,7.86,791,312467,622
Grisaia no Meikyuu: Caprice no Mayu 0,8bit,Drama,7.86,792,211818,946
Hanasaku Iroha Movie: Home Sweet Home,P.A. Works,Drama,7.86,793,82714,2012
Kaleido Star: Legend of Phoenix - Layla Hamilton Monogatari,Gonzo,Comedy,7.86,794,13533,4993
Kyoukai no Kanata Movie: I'll Be Here - Kako-hen - Yakusoku no Kizuna,Kyoto Animation,Music,7.86,795,56620,2515
Lupin the IIIrd: Chikemuri no Ishikawa Goemon,Telecom Animation Film,Action,7.86,796,34731,3288
Blue Period,Seven Arcs,Drama,7.85,797,354459,534
Detective Conan Movie 01: The Timed Skyscraper,TMS Entertainment,Adventure,7.85,798,64889,2323
Detective Conan Movie 23: The Fist of Blue Sapphire,TMS Entertainment,Action,7.85,799,24010,3928
Flanders no Inu (Movie),Nippon Animation,Drama,7.85,800,20383,4209
Gekkan Shoujo Nozaki-kun,Doga Kobo,Comedy,7.85,801,847970,161
Hoozuki no Reitetsu 2nd Season: Sono Ni,Studio Deen,Comedy,7.85,802,26068,3775
Hoozuki no Reitetsu OVA,Studio Deen,Comedy,7.85,803,16197,4658
Id:Invaded,NAZ,Mystery,7.85,804,308464,629
InuYasha,Sunrise,Action,7.85,805,719281,223
Jibaku Shounen Hanako-kun,Lerche,Comedy,7.85,806,494702,369
K-On!,Kyoto Animation,Comedy,7.85,807,957730,126
K-On!!: Keikaku!,Kyoto Animation,Comedy,7.85,808,115245,1583
Kara no Kyoukai Movie 4: Garan no Dou,ufotable,Action,7.85,809,199641,999
Kobayashi-san Chi no Maid Dragon S: Nippon no Omotenashi - Attend wa Dragon Desu,Kyoto Animation,Fantasy,7.85,810,55691,2539
Kokoro ga Sakebitagatterunda.,A-1 Pictures,Drama,7.85,811,297758,662
Kono Subarashii Sekai ni Shukufuku wo!: Kono Subarashii Choker ni Shukufuku wo!,Studio Deen,Comedy,7.85,812,358116,528
Kumichou Musume to Sewagakari,feel.,Slice of Life,7.85,813,67502,2271
Magi: Sinbad no Bouken (TV),Lay-duce,Action,7.85,814,437630,428
Non Non Biyori Repeat: Hotaru ga Tanoshinda,SILVER LINK.,Slice of Life,7.85,815,44186,2859
Paradise Kiss,Madhouse,Comedy,7.85,816,196388,1011
Seihou Bukyou Outlaw Star,Sunrise,Action,7.85,817,142557,1348
Tanaka-kun wa Itsumo Kedaruge,SILVER LINK.,Slice of Life,7.85,818,414157,449
Uchouten Kazoku,P.A. Works,Comedy,7.85,819,155876,1264
Michiko to Hatchin,Manglobe,Action,7.84,820,181059,1090
New Initial D Movie: Legend 3 - Mugen,SANZIGEN,Racing,7.84,821,22947,4010
Planetarian: Hoshi no Hito,David Production,Drama,7.84,822,43124,2906
Seitokai Yakuindomo Movie,GoHands,Comedy,7.84,823,53437,2589
Seto no Hanayome OVA,Gonzo,Comedy,7.84,824,50627,2674
Soul Eater,Bones,Action,7.84,825,1479125,55
Suzumiya Haruhi no Yuuutsu,Kyoto Animation,Comedy,7.84,826,851571,159
Tasogare Otome x Amnesia,SILVER LINK.,Horror,7.84,827,369169,507
Urusei Yatsura 2: Beautiful Dreamer,Pierrot,Action,7.84,828,16133,4664
Yume-iro Pâtissière,Studio Hibari,Gourmet,7.84,829,74678,2126
Aoki Hagane no Arpeggio: Ars Nova Movie 2 - Cadenza,SANZIGEN,Action,7.84,830,29422,3558
Beastars 2nd Season,Orange,Drama,7.84,831,373039,504
Break Blade Movie 4: Sanka no Chi,Production I.G,Action,7.84,832,56075,2525
Date A Live IV,GEEK TOYS,Comedy,7.84,833,184231,1069
Detective Conan Movie 22: Zero the Enforcer,TMS Entertainment,Action,7.84,834,25716,3803
Eikoku Koi Monogatari Emma: Molders-hen,Ajia-Do,Drama,7.84,835,24518,3893
Gungrave,Madhouse,Action,7.84,836,174361,1131
Ie Naki Ko,Madhouse,Adventure,7.84,837,13452,5005
K-On!: Live House!,Kyoto Animation,Comedy,7.84,838,147838,1314
91 Days,Shuka,Action,7.83,839,630286,268
Aggressive Retsuko (ONA) 3rd Season,Fanworks,Comedy,7.83,840,73103,2158
Ai no Utagoe wo Kikasete,J.C.Staff,Drama,7.83,841,57060,2508
Capeta,Studio Comet,Racing,7.83,842,24171,3914
Danshi Koukousei no Nichijou Specials,Sunrise,Comedy,7.83,843,125871,1478
Haikyuu!! (OVA),add some,Sports,7.83,844,26280,3761
Hidamari Sketch x 365,Shaft,Comedy,7.83,845,29830,3536
Igano Kabamaru,Group TAC,Action,7.83,846,10070,5611
Lupin III: The First,TMS Entertainment,Action,7.83,847,26215,3765
Mahoujin Guruguru (2017),Production I.G,Adventure,7.83,848,30817,3470
Oniisama e...,Tezuka Productions,Drama,7.83,849,39706,3046
Somali to Mori no Kamisama,Satelight,Adventure,7.83,850,256955,780
Tunshi Xingkong 2nd Season,Sparkly Key Animation Studio,Action,7.83,851,1714,10403
Working'!!,A-1 Pictures,Comedy,7.83,852,248505,803
Yuru Yuri♪♪,Doga Kobo,Comedy,7.83,853,171771,1154
Saiyuuki Gaiden,Anpro,Action,7.82,854,12748,5124
Shingeki no Kyojin Movie 2: Jiyuu no Tsubasa,Wit Studio,Action,7.82,855,110545,1634
Tamayura: Sotsugyou Shashin Part 3 - Akogare,TYO Animations,Comedy,7.82,856,8840,5940
Yuuki Yuuna wa Yuusha de Aru: Washio Sumi no Shou 2 - Tamashii,Studio Gokumi,Drama,7.82,857,13295,5030
Yuusha-Ou GaoGaiGar,Sunrise,Adventure,7.82,858,19182,4339
Akachan to Boku,Pierrot,Comedy,7.82,859,20721,4185
Aria the Crepuscolo,J.C.Staff,Fantasy,7.82,860,9629,5719
Break Blade Movie 5: Shisen no Hate,Production I.G,Action,7.82,861,53872,2582
Bungou Stray Dogs,Bones,Action,7.82,862,1162435,92
Chuan Shu Zijiu Zhinan,Djinn Power,Drama,7.82,863,14269,4890
Crayon Shin-chan Movie 09: Arashi wo Yobu Mouretsu! Otona Teikoku no Gyakushuu,Shin-Ei Animation,Comedy,7.82,864,8317,6080
Goku Sayonara Zetsubou Sensei,Shaft,Comedy,7.82,865,61461,2399
Haikyuu!! Riku vs. Kuu,Production I.G,Sports,7.82,866,253160,793
Heartcatch Precure!,Toei Animation,Action,7.82,867,28347,3631
Jungle wa Itsumo Hare nochi Guu,Shin-Ei Animation,Comedy,7.82,868,32063,3410
Kuroko no Basket: Tip Off,Production I.G,Sports,7.82,869,95953,1815
Little Witch Academia (TV),Trigger,Adventure,7.82,870,578770,310
Lupin the IIIrd: Jigen Daisuke no Bohyou,Telecom Animation Film,Action,7.82,871,25770,3800
Baby Steps,Pierrot,Sports,7.81,872,138536,1377
City Hunter 3,Sunrise,Action,7.81,873,18782,4380
Detective Conan Movie 07: Crossroad in the Ancient Capital,TMS Entertainment,Adventure,7.81,874,47142,2769
Detective Conan Movie 08: Time Travel of the Silver Sky,TMS Entertainment,Adventure,7.81,875,19881,4252
Hidamari Sketch x ☆☆☆ Specials,Shaft,Comedy,7.81,876,13916,4930
Jormungand,White Fox,Action,7.81,877,321096,605
Kekkai Sensen & Beyond,Bones,Action,7.81,878,387986,482
Little Witch Academia,Trigger,Adventure,7.81,879,295105,671
Magi: Sinbad no Bouken,Lay-duce,Action,7.81,880,121521,1513
Maria-sama ga Miteru 3rd,Studio Deen,Drama,7.81,881,20857,4170
Nodame Cantabile: Finale - Mine to Kiyora no Saikai,J.C.Staff,Comedy,7.81,882,41490,2968
Owarimonogatari 2nd Season Recaps,Shaft,Comedy,7.81,883,23530,3959
Psycho-Pass 3: First Inspector,Production I.G,Action,7.81,884,78700,2066
Saint☆Oniisan (Movie),A-1 Pictures,Comedy,7.81,885,86621,1955
Seikai no Senki II,Sunrise,Action,7.81,886,22131,4076
Slayers Try,E&G Films,Adventure,7.81,887,51649,2635
Tunshi Xingkong,Sparkly Key Animation Studio,Sci-Fi,7.81,888,3184,8697
Wolf's Rain,Bones,Action,7.81,889,306375,640
Shingeki no Kyojin: Lost Girls,Wit Studio,Action,7.8,890,269740,745
"Clannad: After Story - Mou Hitotsu no Sekai, Kyou-hen",Kyoto Animation,Drama,7.8,891,249204,802
Coquelicot-zaka kara,Studio Ghibli,Romance,7.8,892,171898,1152
Emiya-san Chi no Kyou no Gohan,ufotable,Comedy,7.8,893,115157,1585
Ginga Tetsudou 999,Toei Animation,Adventure,7.8,894,31673,3426
Hug tto! Precure,Toei Animation,Action,7.8,895,14115,4910
Innocence,Production I.G,Sci-Fi,7.8,896,149036,1305
InuYasha Movie 3: Tenka Hadou no Ken,Sunrise,Action,7.8,897,93730,1855
Jungle wa Itsumo Hare nochi Guu Deluxe,Shin-Ei Animation,Comedy,7.8,898,11834,5265
Last Exile,Gonzo,Action,7.8,899,163235,1218
Lucky☆Star: Original na Visual to Animation,Kyoto Animation,Comedy,7.8,900,125720,1480
Macross F Movie 1: Itsuwari no Utahime,Satelight,Action,7.8,901,29199,3572
"Ame wo Matsu,",add some,Music,7.79,902,4632,7711
Break Blade Movie 3: Kyoujin no Ato,Production I.G,Action,7.79,903,57197,2504
Code Geass: Hangyaku no Lelouch R2 Special Edition - Zero Requiem,Sunrise,Action,7.79,904,45509,2817
Detective Conan Movie 09: Strategy Above the Depths,TMS Entertainment,Adventure,7.79,905,45120,2831
Detective Conan Movie 12: Full Score of Fear,TMS Entertainment,Adventure,7.79,906,42940,2917
Enen no Shouboutai: Ni no Shou,David Production,Action,7.79,907,620978,273
Giant Robo the Animation: Chikyuu ga Seishi Suru Hi,Phoenix Entertainment,Action,7.79,908,23988,3930
Gochuumon wa Usagi Desu ka??,Kinema Citrus,Comedy,7.79,909,119319,1529
Gochuumon wa Usagi Desu ka??: Dear My Sister,production doA,Comedy,7.79,910,37547,3145
Hibike! Euphonium Movie 2: Todoketai Melody,Kyoto Animation,Drama,7.79,911,26008,3779
High Score Girl,J.C.Staff,Comedy,7.79,912,228204,873
Kara no Kyoukai Movie 2: Satsujin Kousatsu (Zen),ufotable,Action,7.79,913,223064,898
Kubikiri Cycle: Aoiro Savant to Zaregototsukai,Shaft,Drama,7.79,914,94940,1833
Kuroko no Basket Movie 3: Winter Cup - Tobira no Mukou,Production I.G,Comedy,7.79,915,34940,3274
Mobile Suit Gundam Wing: Endless Waltz Special,Sunrise,Action,7.79,916,55452,2544
Saiyuuki Reload: Burial,Pierrot,Action,7.79,917,12562,5160
Saraiya Goyou,Manglobe,Drama,7.79,918,84826,1981
Sekaiichi Hatsukoi: Valentine-hen,Studio Deen,Boys Love,7.79,919,38098,3122
Shiguang Dailiren Fan Wai Pian: Biwu Zhaoqin,Studio LAN,Drama,7.79,920,22945,4011
Shingeki no Kyojin Season 2 Movie: Kakusei no Houkou,Wit Studio,Action,7.79,921,58262,2478
Taishou Otome Otogibanashi,SynergySP,Comedy,7.79,922,104058,1728
Tokyo Ghoul,Pierrot,Action,7.79,923,2519466,7
Magic Kaito,TMS Entertainment,Adventure,7.78,924,66097,2295
Mind Game,Studio 4°C,Adventure,7.78,925,75411,2109
New Initial D Movie: Legend 2 - Tousou,SANZIGEN,Racing,7.78,926,25357,3832
Saenai Heroine no Sodatekata ♭,A-1 Pictures,Comedy,7.78,927,325499,596
Seitokai Yakuindomo Movie 2,GoHands,Comedy,7.78,928,26245,3763
The Last: Naruto the Movie,Pierrot,Action,7.78,929,524960,347
Yuru Yuri Nachuyachumi!+,TYO Animations,Comedy,7.78,930,51053,2658
Zan Sayonara Zetsubou Sensei Bangaichi,Shaft,Comedy,7.78,931,37956,3131
BanG Dream! Garupa☆Pico,SANZIGEN,Comedy,7.78,932,19614,4289
Digimon Adventure: Bokura no War Game!,Toei Animation,Adventure,7.78,933,71923,2182
Grisaia no Rakuen,8bit,Drama,7.78,934,375815,502
Hadashi no Gen,Madhouse,Drama,7.78,935,45829,2812
Hataraku Maou-sama!,White Fox,Comedy,7.78,936,1389564,67
Hoozuki no Reitetsu,Wit Studio,Comedy,7.78,937,121844,1508
Jin-Rou,Production I.G,Drama,7.78,938,153138,1277
Kageki Shoujo!!,Pine Jam,Drama,7.78,939,68571,2251
Lupin III vs. Detective Conan,TMS Entertainment,Action,7.78,940,32177,3399
Lupin III: Part II,Tokyo Movie Shinsha,Action,7.78,941,31099,3456
Akagami no Shirayuki-hime,Bones,Drama,7.77,942,598270,291
Cardcaptor Sakura: Clear Card-hen Prologue - Sakura to Futatsu no Kuma,Madhouse,Fantasy,7.77,943,38710,3097
Colorful (Movie),Sunrise,Drama,7.77,944,179017,1098
Detective Conan OVA 10: Kid in Trap Island,TMS Entertainment,Adventure,7.77,945,17130,4557
Devilman: Crybaby,Science SARU,Action,7.77,946,978524,122
Digimon Adventure,Toei Animation,Action,7.77,947,372784,505
Ghost Hunt,J.C.Staff,Horror,7.77,948,216497,920
"Haikyuu!! vs. ""Akaten""",Production I.G,Sports,7.77,949,82173,2022
Heike Monogatari,Science SARU,Drama,7.77,950,63666,2353
Hidamari Sketch x SP,Shaft,Comedy,7.77,951,13700,4959
Higashi no Eden,Production I.G,Mystery,7.77,952,529250,345
Isekai no Seikishi Monogatari,AIC Spirits,Action,7.77,953,183163,1081
Kokoro Connect,SILVER LINK.,Drama,7.77,954,770830,189
Love Live! School Idol Project 2nd Season,Sunrise,Slice of Life,7.77,955,240282,826
Lupin the Third: Mine Fujiko to Iu Onna,TMS Entertainment,Action,7.77,956,57171,2505
Maria-sama ga Miteru 4th,Studio Deen,Girls Love,7.77,957,20579,4196
New Initial D Movie: Legend 1 - Kakusei,SANZIGEN,Action,7.77,958,31884,3417
Ojamajo Doremi Na-i-sho,Toei Animation,Comedy,7.77,959,9428,5772
Seitokai Yakuindomo OVA,GoHands,Comedy,7.77,960,120622,1523
Shanhe Jian Xin,Motion Magic,Action,7.77,961,6619,6671
Shiki Specials,Daume,Horror,7.77,962,66391,2288
Star☆Twinkle Precure: Hoshi no Uta ni Omoi wo Komete,Toei Animation,Action,7.77,963,3099,8774
Tentai Senshi Sunred,AIC ASTA,Comedy,7.77,964,21108,4150
The Disappearance of Conan Edogawa: The Worst Two Days in History,TMS Entertainment,Adventure,7.77,965,11802,5274
The Everlasting Guilty Crown,add some,Music,7.77,966,33710,3337
Mobile Suit Gundam,Sunrise,Sci-Fi,7.76,967,116624,1565
Mobile Suit Gundam III: Encounters in Space,Sunrise,Action,7.76,968,28775,3604
Overlord II,Madhouse,Action,7.76,969,869165,155
Ranma ½,Studio Deen,Comedy,7.76,970,230888,863
Shadows House,CloverWorks,Slice of Life,7.76,971,183234,1080
Shaman King,Xebec,Action,7.76,972,341283,563
Snow Halation,Sunrise,Idols (Female),7.76,973,20930,4164
Tamayura: Sotsugyou Shashin Part 2 - Hibiki,TYO Animations,Comedy,7.76,974,9260,5829
Texhnolyze,Madhouse,Action,7.76,975,221845,903
Toshokan Sensou: Kakumei no Tsubasa,Production I.G,Action,7.76,976,22555,4039
Akebi-chan no Sailor-fuku,CloverWorks,Slice of Life,7.76,977,136416,1391
BanG Dream! Garupa☆Pico: Oomori,SANZIGEN,Comedy,7.76,978,9592,5730
City Hunter '91,Sunrise,Action,7.76,979,19930,4250
Doraemon (1979),Shin-Ei Animation,Adventure,7.76,980,54106,2578
Genshiken 2,Arms,Comedy,7.76,981,78903,2062
Ghost (Music),add some,Music,7.76,982,1397,10902
Go! Princess Precure,Toei Animation,Action,7.76,983,15463,4742
Gochuumon wa Usagi Desu ka??: Sing for You,production doA,Comedy,7.76,984,22208,4072
Kino no Tabi: The Beautiful World - Nanika wo Suru Tame ni - Life Goes On.,A.C.G.T.,Adventure,7.76,985,52639,2609
Kochira Katsushikaku Kameari Kouenmae Hashutsujo,Gallop,Comedy,7.76,986,15863,4693
Kuroko no Basket: Last Game NG-shuu,Production I.G,Comedy,7.76,987,29272,3568
Kyou kara Maou! 3rd Series,Studio Deen,Adventure,7.76,988,31995,3412
Little Witch Academia: Mahoujikake no Parade,Trigger,Adventure,7.76,989,160814,1228
Love Live! Nijigasaki Gakuen School Idol Doukoukai 2nd Season,Sunrise,Slice of Life,7.76,990,27636,3674
Aggressive Retsuko (ONA) 2nd Season,Fanworks,Comedy,7.75,991,100077,1776
BanG Dream! 5th Anniversary Animation: CiRCLE Thanks Party!,SANZIGEN,Music,7.75,992,2296,9580
Charlotte,P.A. Works,Drama,7.75,993,1425870,65
Claymore,Madhouse,Action,7.75,994,619903,274
Crayon Shin-chan,Shin-Ei Animation,Comedy,7.75,995,72995,2162
Doupo Cangqiong 3rd Season,Motion Magic,Action,7.75,996,5894,6985
Free! Take Your Marks,Kyoto Animation,Slice of Life,7.75,997,71811,2184
Gakuen Babysitters Special,Brain's Base,Comedy,7.75,998,35355,3251
Golden Time,J.C.Staff,Comedy,7.75,999,917151,144
Hibike! Euphonium Movie 3: Chikai no Finale,Kyoto Animation,Drama,7.75,1000,55057,2552
